               epoch,      train/box_loss,      train/obj_loss,      train/cls_loss,   metrics/precision,      metrics/recall,     metrics/mAP_0.5,metrics/mAP_0.5:0.95,        val/box_loss,        val/obj_loss,        val/cls_loss,               x/lr0,               x/lr1,               x/lr2
                   0,             0.10739,            0.088102,             0.05211,             0.87157,            0.054781,            0.031293,           0.0080669,             0.08039,            0.065117,            0.043311,              0.0829,              0.0019,              0.0019
                   1,            0.085183,            0.090511,            0.038468,             0.55079,             0.19526,            0.045153,            0.013138,            0.081516,            0.069631,            0.032008,            0.064882,           0.0038825,           0.0038825
                   2,             0.07885,            0.076263,            0.030883,             0.61449,             0.29791,             0.11722,            0.040828,            0.071578,            0.045369,            0.025443,            0.046847,           0.0058469,           0.0058469
                   3,            0.077703,            0.068929,            0.026913,             0.79538,             0.14904,             0.10713,            0.031557,            0.082767,            0.038574,            0.020927,            0.028793,           0.0077933,           0.0077933
                   4,            0.081626,            0.064766,            0.023258,              0.6383,             0.32495,             0.17192,            0.050212,            0.070219,            0.037287,            0.017844,            0.010722,           0.0097218,           0.0097218
                   5,            0.071765,            0.063745,             0.02128,             0.65656,             0.37682,             0.23802,            0.079646,            0.068634,            0.035878,             0.01514,            0.009775,            0.009775,            0.009775
                   6,            0.065133,            0.060599,            0.018744,               0.676,             0.34596,              0.2474,            0.091147,            0.061395,             0.03548,            0.013452,            0.009775,            0.009775,            0.009775
                   7,            0.060367,             0.05932,            0.016551,             0.72617,             0.41427,             0.31656,             0.14315,            0.049874,            0.034154,            0.011644,             0.00973,             0.00973,             0.00973
                   8,             0.05574,            0.056177,            0.014486,             0.70598,              0.3497,             0.32278,             0.11638,            0.052797,            0.035329,            0.010189,            0.009685,            0.009685,            0.009685
                   9,            0.051781,            0.055489,            0.013648,              0.6692,               0.521,             0.47042,             0.21361,            0.043693,             0.03301,           0.0096313,             0.00964,             0.00964,             0.00964
                  10,            0.049098,             0.05298,            0.012791,             0.64133,             0.51024,             0.38893,              0.1561,            0.044333,            0.033218,           0.0088203,            0.009595,            0.009595,            0.009595
                  11,            0.048169,            0.055141,            0.011086,             0.66534,             0.53531,             0.44935,             0.20881,            0.044223,            0.032887,           0.0080467,             0.00955,             0.00955,             0.00955
                  12,            0.045912,            0.051622,            0.010696,             0.69838,             0.51533,             0.45364,             0.20708,            0.040857,            0.031764,           0.0078999,            0.009505,            0.009505,            0.009505
                  13,             0.04365,             0.05253,            0.010294,             0.51111,             0.66466,             0.48343,             0.24195,            0.037417,            0.031308,           0.0075848,             0.00946,             0.00946,             0.00946
                  14,             0.04302,            0.050271,           0.0096618,             0.78213,             0.52428,             0.50814,             0.26685,            0.036454,            0.031882,           0.0075058,            0.009415,            0.009415,            0.009415
                  15,            0.041282,            0.049143,           0.0086065,             0.67841,             0.61673,              0.5557,             0.27341,            0.033672,            0.030638,           0.0071762,             0.00937,             0.00937,             0.00937
                  16,            0.040647,            0.048298,           0.0078085,              0.6239,             0.56711,             0.51637,             0.26681,            0.037687,            0.031008,           0.0069191,            0.009325,            0.009325,            0.009325
                  17,            0.040758,            0.047938,           0.0079571,             0.77849,             0.59468,             0.57938,             0.32933,            0.029428,            0.030261,           0.0069721,             0.00928,             0.00928,             0.00928
                  18,            0.037735,            0.046777,           0.0079681,             0.68096,             0.54536,             0.53104,             0.25255,            0.037051,             0.03216,           0.0067665,            0.009235,            0.009235,            0.009235
                  19,            0.037148,            0.046026,           0.0075978,             0.68248,             0.60415,             0.56828,               0.312,            0.030293,            0.031061,           0.0068684,             0.00919,             0.00919,             0.00919
                  20,            0.036846,            0.049074,           0.0074467,             0.66062,             0.61154,             0.53734,             0.27199,            0.036257,             0.03215,           0.0068901,            0.009145,            0.009145,            0.009145
                  21,            0.036989,            0.049361,           0.0072143,             0.75194,             0.59117,             0.57116,             0.31017,            0.030352,            0.031218,            0.006741,              0.0091,              0.0091,              0.0091
                  22,            0.035842,            0.044519,           0.0068099,             0.63629,              0.5913,              0.5404,             0.29884,            0.033677,            0.032019,           0.0068512,            0.009055,            0.009055,            0.009055
                  23,            0.035242,            0.045012,           0.0071506,             0.71745,             0.60195,              0.5657,             0.34687,            0.028663,            0.031312,           0.0068851,             0.00901,             0.00901,             0.00901
                  24,             0.03431,            0.043149,           0.0064773,             0.68288,             0.59742,              0.5539,             0.32221,            0.032977,            0.032402,           0.0069313,            0.008965,            0.008965,            0.008965
                  25,            0.034673,            0.047567,           0.0064727,             0.70083,             0.62001,             0.57564,             0.34482,            0.029246,            0.031568,           0.0064724,             0.00892,             0.00892,             0.00892
                  26,             0.03425,            0.046719,           0.0068643,             0.68623,             0.63037,             0.54841,              0.2933,            0.032252,            0.033053,           0.0069599,            0.008875,            0.008875,            0.008875
                  27,            0.033416,            0.043165,           0.0068535,             0.71128,             0.65079,             0.56378,             0.33194,            0.028711,            0.032104,           0.0069386,             0.00883,             0.00883,             0.00883
                  28,            0.033412,            0.043879,           0.0062048,             0.63052,             0.60686,              0.5328,             0.31188,            0.030294,            0.031756,           0.0064106,            0.008785,            0.008785,            0.008785
                  29,            0.032703,             0.04318,           0.0059023,             0.70413,              0.6283,                0.58,             0.35534,            0.028302,            0.031317,           0.0068455,             0.00874,             0.00874,             0.00874
                  30,            0.032159,            0.044393,           0.0070201,             0.67601,             0.61302,             0.56356,             0.32237,            0.030678,            0.032313,           0.0066204,            0.008695,            0.008695,            0.008695
                  31,            0.032584,            0.045758,            0.005673,             0.64466,             0.57666,             0.54444,             0.33015,            0.028736,             0.03174,           0.0066486,             0.00865,             0.00865,             0.00865
                  32,            0.031378,            0.043751,           0.0057211,             0.69868,             0.59725,             0.57557,             0.31981,            0.029801,            0.031061,            0.006683,            0.008605,            0.008605,            0.008605
                  33,             0.03157,            0.043433,           0.0056831,             0.72727,              0.6375,             0.58224,             0.35708,            0.027499,            0.031672,            0.006662,             0.00856,             0.00856,             0.00856
                  34,            0.030822,            0.042708,           0.0055828,             0.70218,             0.59823,              0.5452,              0.3309,            0.027426,            0.032195,            0.006488,            0.008515,            0.008515,            0.008515
                  35,            0.030427,            0.043803,           0.0056891,             0.71217,             0.59755,             0.56228,             0.34693,            0.025148,            0.031344,           0.0066074,             0.00847,             0.00847,             0.00847
                  36,            0.030308,            0.040386,           0.0051956,             0.74452,             0.60136,              0.5623,             0.35166,            0.027585,            0.032073,           0.0063133,            0.008425,            0.008425,            0.008425
                  37,             0.03027,            0.042437,           0.0058185,             0.75721,             0.58992,             0.58375,             0.36982,            0.026751,            0.032565,           0.0063351,             0.00838,             0.00838,             0.00838
                  38,            0.029326,            0.042184,           0.0054679,             0.78559,             0.57109,             0.58491,             0.33754,            0.028318,            0.032561,            0.006102,            0.008335,            0.008335,            0.008335
                  39,            0.028532,            0.040804,           0.0048156,             0.79435,             0.57888,             0.60092,             0.37974,             0.02689,            0.032138,           0.0060452,             0.00829,             0.00829,             0.00829
                  40,             0.02975,            0.042276,           0.0049161,               0.739,             0.60476,             0.57132,              0.3546,            0.027352,             0.03334,           0.0063938,            0.008245,            0.008245,            0.008245
                  41,            0.027946,            0.041781,           0.0051397,             0.74146,             0.62228,             0.57487,             0.35995,            0.026675,            0.032782,           0.0061539,              0.0082,              0.0082,              0.0082
                  42,            0.028577,            0.040456,           0.0048422,              0.7513,              0.5608,             0.57885,             0.36264,            0.028026,            0.033212,           0.0061207,            0.008155,            0.008155,            0.008155
                  43,            0.029208,            0.042335,           0.0046747,             0.78791,             0.58161,             0.59407,             0.36883,            0.026527,            0.032801,           0.0062447,             0.00811,             0.00811,             0.00811
                  44,            0.029025,            0.041743,           0.0045011,              0.7782,             0.53706,             0.57936,             0.35255,            0.027398,            0.032285,           0.0060795,            0.008065,            0.008065,            0.008065
                  45,            0.028674,            0.040545,           0.0044916,             0.74119,             0.59922,              0.5967,             0.38382,            0.025822,            0.032277,           0.0060169,             0.00802,             0.00802,             0.00802
                  46,            0.028347,            0.041403,            0.004146,             0.71184,             0.60172,             0.56604,             0.35589,            0.027879,            0.033616,           0.0060955,            0.007975,            0.007975,            0.007975
                  47,            0.028307,            0.040972,           0.0038558,             0.73943,             0.60358,             0.57177,             0.35563,            0.027207,            0.033035,           0.0064793,             0.00793,             0.00793,             0.00793
                  48,             0.02735,            0.038116,           0.0043221,             0.76372,             0.55397,             0.55969,             0.35988,            0.027712,            0.033564,           0.0066227,            0.007885,            0.007885,            0.007885
                  49,            0.028247,            0.040478,           0.0039564,             0.76483,             0.57894,             0.58045,             0.38861,            0.023626,            0.031246,           0.0065651,             0.00784,             0.00784,             0.00784
                  50,            0.027268,            0.040363,           0.0039036,             0.76608,             0.54436,             0.57959,             0.35546,            0.028155,            0.032313,           0.0065136,            0.007795,            0.007795,            0.007795
                  51,            0.027717,             0.03712,            0.003361,             0.78184,             0.55218,             0.56681,             0.37358,            0.026083,            0.032519,           0.0065025,             0.00775,             0.00775,             0.00775
                  52,            0.027216,            0.039456,           0.0044717,              0.7256,             0.59755,             0.56374,              0.3608,            0.027059,            0.032893,           0.0064049,            0.007705,            0.007705,            0.007705
                  53,            0.026646,            0.038449,           0.0043991,             0.74739,             0.60594,             0.56622,             0.37447,             0.02488,            0.033507,           0.0064823,             0.00766,             0.00766,             0.00766
                  54,            0.026574,            0.039382,           0.0034829,              0.7814,             0.56724,             0.57672,             0.36223,             0.02543,            0.033232,           0.0059822,            0.007615,            0.007615,            0.007615
                  55,             0.02655,            0.040309,           0.0035923,             0.72937,             0.59335,             0.56728,             0.37045,            0.024177,             0.03393,           0.0065674,             0.00757,             0.00757,             0.00757
                  56,            0.025394,            0.038012,           0.0039139,             0.81673,             0.55241,             0.57709,             0.37925,            0.024105,            0.033095,           0.0062393,            0.007525,            0.007525,            0.007525
                  57,             0.02595,            0.038197,           0.0036443,             0.77585,             0.55592,             0.58685,             0.38376,            0.024512,            0.032792,           0.0059288,             0.00748,             0.00748,             0.00748
                  58,            0.026409,            0.038049,           0.0034155,             0.78903,             0.58989,             0.62683,             0.39486,            0.024861,            0.032804,           0.0063454,            0.007435,            0.007435,            0.007435
                  59,            0.025638,            0.038187,            0.003507,             0.78903,             0.57836,             0.59098,             0.38484,             0.02396,             0.03314,           0.0060883,             0.00739,             0.00739,             0.00739
                  60,            0.025556,            0.038251,           0.0033635,             0.76283,             0.58419,             0.58349,             0.36467,            0.027805,            0.033924,           0.0061695,            0.007345,            0.007345,            0.007345
                  61,            0.025628,            0.039177,            0.003498,              0.7615,             0.60338,             0.60179,             0.38687,            0.024108,            0.033307,           0.0062412,              0.0073,              0.0073,              0.0073
                  62,            0.025759,            0.039409,           0.0030799,             0.74608,             0.64264,             0.61412,             0.37723,            0.026528,            0.033007,            0.006329,            0.007255,            0.007255,            0.007255
                  63,            0.024979,            0.037771,           0.0031061,             0.75037,             0.59831,             0.61881,             0.39536,            0.023999,            0.032946,           0.0059666,             0.00721,             0.00721,             0.00721
                  64,            0.024829,            0.037592,           0.0031091,             0.72483,             0.59179,             0.58729,             0.34651,            0.025981,            0.034971,           0.0059845,            0.007165,            0.007165,            0.007165
                  65,            0.025106,            0.038874,           0.0032145,             0.75042,             0.58591,             0.56926,             0.37274,            0.023696,            0.033995,           0.0062218,             0.00712,             0.00712,             0.00712
                  66,            0.024695,            0.037159,           0.0030001,             0.72966,             0.62248,              0.5657,             0.34939,            0.025033,            0.033535,           0.0061939,            0.007075,            0.007075,            0.007075
                  67,            0.024957,            0.039269,           0.0033153,             0.73602,             0.60578,             0.58831,             0.38848,            0.022971,            0.032341,           0.0063023,             0.00703,             0.00703,             0.00703
                  68,            0.024708,            0.035447,           0.0029844,             0.74736,             0.59785,             0.60535,             0.38661,            0.023812,            0.032276,           0.0058716,            0.006985,            0.006985,            0.006985
                  69,            0.025016,            0.037963,           0.0034589,             0.73953,              0.5982,             0.59054,             0.37912,            0.023384,            0.032776,            0.005756,             0.00694,             0.00694,             0.00694
                  70,            0.024233,            0.038583,            0.003374,             0.74184,             0.58962,             0.57435,             0.36203,            0.025439,            0.035027,           0.0059071,            0.006895,            0.006895,            0.006895
                  71,            0.024129,            0.037296,           0.0034667,             0.74237,             0.58145,              0.5542,             0.37016,            0.023925,            0.034695,           0.0058113,             0.00685,             0.00685,             0.00685
                  72,            0.023542,            0.035608,           0.0029688,             0.76272,             0.57347,             0.58295,             0.37734,            0.025119,            0.033994,           0.0059486,            0.006805,            0.006805,            0.006805
                  73,            0.023523,            0.035995,           0.0026214,               0.792,             0.57272,             0.57761,             0.36853,            0.025481,            0.033731,           0.0057072,             0.00676,             0.00676,             0.00676
                  74,            0.023285,            0.035481,           0.0027194,             0.82312,             0.56563,             0.58609,             0.37667,            0.024397,            0.034888,           0.0055691,            0.006715,            0.006715,            0.006715
                  75,            0.021951,             0.03501,           0.0027931,             0.79959,             0.55052,             0.58617,             0.38865,            0.023723,            0.033831,            0.005909,             0.00667,             0.00667,             0.00667
                  76,            0.023072,            0.036407,           0.0032446,             0.79479,             0.57945,             0.60598,             0.38103,            0.024478,            0.033309,           0.0056236,            0.006625,            0.006625,            0.006625
                  77,            0.023219,            0.036507,           0.0027251,              0.7696,             0.61279,             0.62218,             0.40698,            0.023037,            0.032962,           0.0055641,             0.00658,             0.00658,             0.00658
                  78,            0.022969,            0.037319,            0.002564,             0.77741,             0.55745,             0.57227,             0.37182,            0.024508,              0.0342,           0.0061062,            0.006535,            0.006535,            0.006535
                  79,            0.023192,            0.035622,           0.0025439,             0.77144,             0.59204,               0.583,             0.38209,            0.023051,            0.033524,            0.005938,             0.00649,             0.00649,             0.00649
                  80,            0.022616,            0.035456,           0.0030013,             0.74516,              0.6212,             0.58833,               0.355,            0.024921,            0.034086,           0.0056732,            0.006445,            0.006445,            0.006445
                  81,             0.02322,             0.03583,           0.0027491,             0.75961,             0.59763,              0.5957,             0.40085,            0.023058,            0.033754,            0.005592,              0.0064,              0.0064,              0.0064
                  82,            0.022693,             0.03519,           0.0024632,             0.78843,             0.61992,             0.62069,             0.39537,            0.024809,            0.033774,           0.0054916,            0.006355,            0.006355,            0.006355
                  83,            0.022445,             0.03464,           0.0024783,             0.80159,             0.61422,             0.62444,             0.38952,            0.023986,            0.033128,           0.0052071,             0.00631,             0.00631,             0.00631
                  84,            0.021972,            0.033864,            0.002747,              0.8165,             0.58203,              0.5949,             0.37793,            0.024162,            0.033274,           0.0053715,            0.006265,            0.006265,            0.006265
                  85,            0.022374,            0.034051,           0.0028044,             0.81045,             0.56786,             0.59691,             0.38774,            0.024556,            0.033741,           0.0053825,             0.00622,             0.00622,             0.00622
                  86,            0.021981,            0.034104,            0.002736,             0.74588,             0.60227,             0.58413,             0.37735,            0.024368,            0.034014,           0.0057045,            0.006175,            0.006175,            0.006175
                  87,            0.021983,            0.034878,           0.0023962,              0.7531,              0.6111,             0.60468,             0.39278,             0.02386,            0.033362,            0.006208,             0.00613,             0.00613,             0.00613
                  88,            0.022015,             0.03488,           0.0026246,             0.73106,             0.66371,             0.63218,             0.39193,            0.024176,            0.033782,           0.0062016,            0.006085,            0.006085,            0.006085
                  89,            0.022126,            0.033906,           0.0024443,             0.73613,             0.65563,             0.65974,             0.43104,            0.023181,             0.03464,           0.0057671,             0.00604,             0.00604,             0.00604
                  90,             0.02138,            0.034237,           0.0024713,             0.73318,             0.63603,             0.64918,             0.40602,            0.024476,            0.035304,           0.0059757,            0.005995,            0.005995,            0.005995
                  91,            0.020925,            0.033626,           0.0024985,             0.75059,             0.62388,             0.60709,             0.39621,            0.023459,            0.034908,           0.0060444,             0.00595,             0.00595,             0.00595
                  92,             0.02153,            0.034159,           0.0023913,             0.74053,             0.62868,             0.59431,             0.38254,             0.02393,            0.035241,           0.0058712,            0.005905,            0.005905,            0.005905
                  93,            0.021042,            0.035918,           0.0024146,              0.7691,             0.62148,             0.63664,             0.42217,            0.022598,            0.033634,           0.0059872,             0.00586,             0.00586,             0.00586
                  94,             0.02093,            0.033393,           0.0022782,               0.765,             0.60519,             0.65003,             0.41432,            0.024024,            0.033681,           0.0059196,            0.005815,            0.005815,            0.005815
                  95,            0.021466,            0.033685,           0.0024193,             0.79202,             0.61363,             0.67918,             0.44398,            0.023224,            0.033975,           0.0055187,             0.00577,             0.00577,             0.00577
                  96,            0.021246,            0.035253,           0.0021773,             0.75127,             0.59487,             0.62984,               0.417,            0.023397,            0.034609,           0.0058861,            0.005725,            0.005725,            0.005725
                  97,            0.021087,            0.032554,           0.0021308,             0.71898,             0.63479,             0.63228,             0.41901,            0.022769,            0.034201,           0.0063038,             0.00568,             0.00568,             0.00568
                  98,            0.020521,            0.032664,           0.0021115,             0.72046,             0.66951,             0.63379,             0.41935,            0.023369,             0.03406,           0.0062054,            0.005635,            0.005635,            0.005635
                  99,            0.020512,            0.032944,           0.0022735,             0.72353,             0.63053,             0.60495,             0.40893,            0.022367,            0.033897,           0.0059269,             0.00559,             0.00559,             0.00559
                 100,             0.02004,            0.031722,           0.0022296,             0.75387,             0.58583,             0.57479,             0.36286,            0.025108,            0.035493,           0.0061058,            0.005545,            0.005545,            0.005545
                 101,            0.019679,            0.033715,           0.0023764,             0.76577,             0.59753,             0.58463,              0.3839,            0.023476,            0.035179,            0.006152,              0.0055,              0.0055,              0.0055
                 102,            0.020428,            0.031115,           0.0021594,             0.73517,             0.58594,             0.57762,             0.37914,            0.023394,            0.034856,           0.0061901,            0.005455,            0.005455,            0.005455
                 103,            0.020171,            0.032809,           0.0020609,             0.75688,             0.61292,             0.59265,              0.3897,            0.022861,            0.034893,           0.0060551,             0.00541,             0.00541,             0.00541
                 104,             0.01965,            0.031166,           0.0019876,             0.78347,             0.59739,             0.60405,             0.39134,            0.023753,            0.034884,           0.0059914,            0.005365,            0.005365,            0.005365
                 105,            0.019566,            0.031223,           0.0020101,             0.78555,             0.59897,             0.60926,              0.3929,            0.022777,            0.034299,           0.0060238,             0.00532,             0.00532,             0.00532
                 106,            0.019433,            0.031472,           0.0020275,              0.7628,              0.5799,              0.5815,             0.37003,            0.024006,            0.035046,           0.0060661,            0.005275,            0.005275,            0.005275
                 107,            0.019654,            0.031177,           0.0022302,             0.74938,             0.59614,             0.57975,             0.38795,            0.022336,             0.03417,            0.005798,             0.00523,             0.00523,             0.00523
                 108,            0.019939,            0.032884,           0.0021732,             0.76874,              0.5848,             0.59073,              0.3944,            0.023129,            0.034546,           0.0057018,            0.005185,            0.005185,            0.005185
                 109,            0.019449,            0.032399,           0.0019782,             0.78124,             0.58613,             0.59248,             0.40834,            0.022474,            0.035177,           0.0056396,             0.00514,             0.00514,             0.00514
                 110,            0.019478,            0.033492,           0.0021762,             0.79318,             0.57553,             0.61365,             0.39696,            0.023789,            0.034901,           0.0057346,            0.005095,            0.005095,            0.005095
                 111,            0.019256,            0.030885,           0.0018494,             0.80052,             0.56438,             0.65038,             0.43767,            0.022605,             0.03434,           0.0059235,             0.00505,             0.00505,             0.00505
                 112,            0.019368,            0.032614,           0.0019695,             0.80198,             0.56944,             0.62479,             0.41137,            0.023216,            0.034625,           0.0059162,            0.005005,            0.005005,            0.005005
                 113,            0.019037,            0.031576,           0.0018445,             0.79348,             0.57755,             0.64331,             0.43009,            0.022585,            0.034744,           0.0057571,             0.00496,             0.00496,             0.00496
                 114,             0.01819,            0.030917,           0.0019471,             0.80053,              0.5749,             0.63804,             0.42531,            0.022768,            0.035697,           0.0056883,            0.004915,            0.004915,            0.004915
                 115,            0.018697,            0.030681,           0.0019996,             0.78457,             0.58753,             0.64764,             0.43883,            0.021855,            0.035417,           0.0057922,             0.00487,             0.00487,             0.00487
                 116,             0.01835,            0.031031,           0.0019426,             0.76326,             0.61131,             0.63924,             0.42227,             0.02301,            0.035468,           0.0058899,            0.004825,            0.004825,            0.004825
                 117,            0.018435,             0.02892,           0.0019749,             0.76884,              0.6078,             0.60573,             0.40256,             0.02237,            0.034893,            0.006105,             0.00478,             0.00478,             0.00478
                 118,            0.018462,            0.030655,           0.0019645,             0.74429,             0.63556,             0.65084,             0.43638,             0.02264,             0.03449,           0.0056721,            0.004735,            0.004735,            0.004735
                 119,            0.018155,            0.030073,           0.0018539,             0.80266,             0.57738,             0.65589,             0.44654,            0.022678,            0.035047,           0.0053732,             0.00469,             0.00469,             0.00469
                 120,            0.017588,            0.030544,           0.0021398,             0.80833,             0.56619,             0.62731,             0.41354,            0.022823,            0.035759,           0.0053595,            0.004645,            0.004645,            0.004645
                 121,            0.017583,            0.029539,           0.0018083,              0.7849,             0.59395,             0.63327,             0.42952,            0.021997,            0.035203,            0.005345,              0.0046,              0.0046,              0.0046
                 122,            0.017965,            0.030239,           0.0018117,             0.82812,             0.58215,             0.62212,             0.40894,            0.022754,            0.034889,           0.0053192,            0.004555,            0.004555,            0.004555
                 123,            0.018102,            0.032689,            0.001857,             0.81726,             0.59749,             0.62075,             0.42324,            0.021698,            0.034458,           0.0053604,             0.00451,             0.00451,             0.00451
                 124,            0.017928,            0.031624,           0.0019616,             0.80424,             0.59287,             0.61091,             0.39866,            0.022491,            0.035374,           0.0054298,            0.004465,            0.004465,            0.004465
                 125,            0.017563,            0.030499,           0.0017086,             0.78392,             0.61072,             0.61638,             0.40888,            0.021714,            0.034918,           0.0054893,             0.00442,             0.00442,             0.00442
                 126,            0.018136,            0.030967,           0.0018128,             0.74294,             0.61669,             0.59955,              0.3981,            0.021978,            0.034074,           0.0053177,            0.004375,            0.004375,            0.004375
                 127,            0.017122,             0.02956,           0.0017434,             0.77651,             0.56453,             0.59124,             0.40091,            0.021895,            0.034434,           0.0053642,             0.00433,             0.00433,             0.00433
                 128,            0.017727,            0.030228,            0.001817,             0.74774,             0.58139,             0.59885,             0.38787,            0.023375,            0.035122,           0.0051983,            0.004285,            0.004285,            0.004285
                 129,            0.017271,            0.028434,           0.0015621,              0.7584,             0.60028,             0.60569,             0.40621,            0.022272,             0.03569,           0.0051395,             0.00424,             0.00424,             0.00424
                 130,            0.016969,            0.029795,           0.0017535,              0.7223,             0.63922,             0.61068,             0.40161,            0.023687,             0.03683,           0.0053169,            0.004195,            0.004195,            0.004195
                 131,            0.017147,            0.029483,           0.0015818,             0.71954,             0.62286,              0.6265,             0.42872,            0.021878,            0.035854,           0.0056873,             0.00415,             0.00415,             0.00415
                 132,            0.016451,            0.028483,            0.001684,             0.74634,             0.61391,             0.60073,             0.40896,            0.022279,            0.035839,           0.0055283,            0.004105,            0.004105,            0.004105
                 133,            0.016541,            0.027407,           0.0016717,             0.77686,              0.6019,             0.59865,             0.40774,            0.021839,            0.035385,           0.0051943,             0.00406,             0.00406,             0.00406
                 134,            0.016942,            0.029748,           0.0017086,             0.77322,             0.59032,             0.59028,             0.39932,            0.022092,            0.035915,           0.0050005,            0.004015,            0.004015,            0.004015
                 135,            0.016726,            0.028367,           0.0021328,             0.75917,             0.60934,             0.58173,             0.39162,            0.022489,            0.036021,           0.0051163,             0.00397,             0.00397,             0.00397
                 136,            0.017236,            0.031397,           0.0016797,             0.75022,              0.6045,             0.57899,             0.39063,            0.022252,             0.03632,           0.0052219,            0.003925,            0.003925,            0.003925
                 137,            0.016563,            0.029692,           0.0016788,             0.75166,             0.58469,             0.59775,             0.40696,            0.022533,            0.036767,            0.005304,             0.00388,             0.00388,             0.00388
                 138,            0.016729,            0.028636,           0.0017164,             0.74178,             0.58229,             0.58341,             0.39306,            0.022216,             0.03701,            0.005328,            0.003835,            0.003835,            0.003835
                 139,            0.016066,            0.028182,           0.0015298,             0.73152,             0.58262,             0.58122,             0.39559,            0.022226,            0.037057,           0.0055618,             0.00379,             0.00379,             0.00379
                 140,            0.016524,            0.028052,           0.0019041,             0.73946,             0.59207,             0.58911,             0.39689,            0.022347,            0.036808,           0.0055691,            0.003745,            0.003745,            0.003745
                 141,            0.016206,            0.027862,           0.0017694,             0.74808,             0.58849,             0.58877,             0.39231,             0.02274,            0.036858,           0.0056782,              0.0037,              0.0037,              0.0037
                 142,              0.0162,            0.028698,           0.0014904,             0.72864,             0.60667,             0.58267,             0.39121,            0.021681,             0.03625,           0.0057102,            0.003655,            0.003655,            0.003655
                 143,            0.015902,            0.027972,           0.0013296,              0.7357,             0.59348,              0.5848,             0.38231,            0.022375,            0.036353,           0.0056545,             0.00361,             0.00361,             0.00361
                 144,            0.016394,            0.028538,           0.0015684,             0.73529,             0.61693,             0.58755,             0.39555,            0.021647,            0.035913,            0.005529,            0.003565,            0.003565,            0.003565
                 145,            0.015865,             0.02775,            0.001745,             0.74253,             0.62206,             0.58235,             0.38253,            0.022512,            0.036218,           0.0051865,             0.00352,             0.00352,             0.00352
                 146,            0.015691,             0.02797,           0.0013662,             0.76255,             0.61745,             0.58783,             0.39224,            0.021803,            0.036193,           0.0050589,            0.003475,            0.003475,            0.003475
                 147,            0.015716,            0.028793,           0.0014104,             0.74981,             0.61049,             0.56557,             0.38156,            0.022197,            0.036366,           0.0050632,             0.00343,             0.00343,             0.00343
                 148,            0.015778,            0.028516,           0.0013222,             0.74148,             0.59017,             0.55849,             0.37456,            0.022158,            0.036213,           0.0051537,            0.003385,            0.003385,            0.003385
                 149,            0.015027,            0.028008,           0.0015732,              0.7434,              0.6094,             0.56269,             0.37791,            0.022432,            0.036289,           0.0051285,             0.00334,             0.00334,             0.00334
                 150,            0.015127,            0.026281,           0.0013715,             0.73431,              0.5909,             0.57677,             0.38934,            0.021822,            0.035992,           0.0051731,            0.003295,            0.003295,            0.003295
                 151,            0.015514,            0.027726,           0.0015827,             0.73869,             0.61428,             0.59235,             0.39085,            0.022201,            0.035681,           0.0051773,             0.00325,             0.00325,             0.00325
                 152,            0.015012,            0.026706,           0.0013593,             0.76598,             0.60578,             0.58589,             0.39848,             0.02224,            0.035826,           0.0052155,            0.003205,            0.003205,            0.003205
                 153,            0.015586,            0.027218,           0.0019305,             0.76818,             0.61201,             0.59211,             0.39531,            0.022198,            0.035867,           0.0050755,             0.00316,             0.00316,             0.00316
                 154,            0.015071,            0.028352,           0.0014833,              0.7768,             0.60005,             0.59002,             0.40278,            0.021656,            0.036208,           0.0049953,            0.003115,            0.003115,            0.003115
                 155,            0.014758,            0.026502,           0.0015545,             0.78462,              0.6025,             0.59371,              0.3951,            0.022267,            0.036868,           0.0050877,             0.00307,             0.00307,             0.00307
                 156,            0.014884,            0.027186,           0.0016454,             0.77869,             0.59984,              0.6065,             0.41168,            0.021949,            0.036599,            0.005069,            0.003025,            0.003025,            0.003025
                 157,            0.014258,            0.024801,           0.0013486,             0.78143,             0.59638,              0.6062,             0.40847,            0.022203,            0.036795,           0.0050961,             0.00298,             0.00298,             0.00298
                 158,            0.014689,            0.027148,           0.0014762,             0.76603,             0.61001,             0.59694,             0.41122,            0.021608,            0.036622,            0.005061,            0.002935,            0.002935,            0.002935
                 159,            0.014284,            0.024809,            0.001414,             0.75436,             0.60764,              0.5836,             0.39917,            0.021922,             0.03663,           0.0050198,             0.00289,             0.00289,             0.00289
                 160,            0.014391,            0.026916,           0.0013829,             0.75813,             0.60835,             0.57869,             0.39291,            0.021743,            0.037107,           0.0049961,            0.002845,            0.002845,            0.002845
                 161,            0.014255,            0.027525,            0.001495,             0.77755,             0.59282,             0.57878,             0.39175,            0.022565,             0.03771,           0.0050369,              0.0028,              0.0028,              0.0028
                 162,            0.014415,            0.026085,           0.0012788,              0.7824,             0.59354,              0.5834,             0.39626,            0.021845,             0.03701,            0.005167,            0.002755,            0.002755,            0.002755
                 163,            0.014506,            0.026384,           0.0013343,             0.78579,             0.59852,             0.57916,             0.38561,            0.022304,            0.037146,           0.0051704,             0.00271,             0.00271,             0.00271
                 164,            0.013942,            0.025439,           0.0014433,             0.78196,             0.60538,             0.58215,             0.38968,            0.021808,             0.03732,           0.0052158,            0.002665,            0.002665,            0.002665
                 165,            0.014338,            0.025385,            0.001186,             0.76418,             0.60498,             0.57683,             0.38125,            0.022301,            0.038237,            0.005397,             0.00262,             0.00262,             0.00262
                 166,            0.013831,            0.024983,           0.0012736,             0.77149,             0.58919,             0.58198,             0.38799,            0.022257,            0.038872,           0.0055546,            0.002575,            0.002575,            0.002575
                 167,            0.014042,            0.027153,           0.0013853,              0.7734,             0.59574,             0.57884,             0.38283,            0.022535,            0.038822,           0.0054794,             0.00253,             0.00253,             0.00253
                 168,            0.014122,            0.026448,           0.0013029,             0.77523,             0.60225,             0.57356,             0.38517,            0.022065,            0.038558,           0.0053936,            0.002485,            0.002485,            0.002485
                 169,            0.013764,            0.026487,           0.0012993,             0.77288,             0.60097,             0.56912,             0.37557,            0.022399,             0.03819,           0.0053097,             0.00244,             0.00244,             0.00244
                 170,            0.013681,            0.024466,           0.0011477,             0.75881,             0.60825,             0.56979,             0.38147,            0.021665,            0.037498,           0.0054317,            0.002395,            0.002395,            0.002395
                 171,            0.013489,             0.02445,           0.0012649,             0.75213,             0.61112,             0.56547,             0.37768,            0.021988,            0.037509,           0.0055096,             0.00235,             0.00235,             0.00235
                 172,            0.013013,            0.022326,           0.0011757,             0.73567,             0.61584,             0.56338,              0.3811,            0.021749,            0.037354,           0.0054821,            0.002305,            0.002305,            0.002305
                 173,             0.01307,            0.024278,           0.0012039,             0.74066,             0.61555,             0.57312,             0.38914,            0.021924,             0.03782,           0.0055103,             0.00226,             0.00226,             0.00226
                 174,            0.013614,            0.025681,           0.0012875,             0.74468,             0.61083,             0.57449,             0.38975,            0.021853,            0.038368,            0.005637,            0.002215,            0.002215,            0.002215
                 175,            0.013112,            0.024757,           0.0012963,             0.74728,             0.61331,             0.56817,             0.38463,            0.022003,            0.038818,             0.00574,             0.00217,             0.00217,             0.00217
                 176,            0.013193,            0.025672,            0.001417,             0.75454,             0.60224,             0.56712,             0.38105,            0.022133,            0.039162,           0.0056969,            0.002125,            0.002125,            0.002125
                 177,            0.013212,            0.024598,           0.0012027,             0.75059,             0.59745,             0.56075,             0.37648,            0.022223,            0.039488,           0.0057224,             0.00208,             0.00208,             0.00208
                 178,            0.013133,            0.024325,           0.0013311,               0.754,              0.5947,             0.55865,             0.37176,            0.022266,            0.039527,            0.005751,            0.002035,            0.002035,            0.002035
                 179,             0.01286,            0.024824,           0.0011657,             0.74936,             0.59284,             0.55601,             0.37505,             0.02208,            0.039495,           0.0059082,             0.00199,             0.00199,             0.00199
                 180,            0.012804,            0.024433,           0.0013826,              0.7422,             0.59767,             0.55864,             0.37884,            0.021831,            0.039305,           0.0059093,            0.001945,            0.001945,            0.001945
                 181,            0.013189,            0.025433,           0.0011921,             0.75251,             0.59117,             0.56097,             0.37571,            0.022044,            0.039303,           0.0057682,              0.0019,              0.0019,              0.0019
                 182,            0.012696,             0.02588,           0.0012593,             0.76406,             0.60671,              0.5719,             0.38877,            0.021524,              0.0385,           0.0056049,            0.001855,            0.001855,            0.001855
                 183,            0.012702,            0.024913,           0.0011515,             0.75558,             0.61386,             0.57407,             0.38816,            0.021711,            0.038199,           0.0055157,             0.00181,             0.00181,             0.00181
                 184,            0.012796,             0.02423,           0.0012832,             0.73673,             0.61615,             0.56741,             0.38376,            0.021812,            0.038058,           0.0054943,            0.001765,            0.001765,            0.001765
                 185,            0.012526,            0.023472,           0.0011544,             0.74527,             0.59778,             0.56454,             0.38408,            0.021688,            0.037917,           0.0055355,             0.00172,             0.00172,             0.00172
                 186,            0.012434,            0.024718,           0.0010339,             0.75575,             0.59691,             0.56631,             0.37721,            0.021906,            0.038289,           0.0056816,            0.001675,            0.001675,            0.001675
                 187,            0.012376,            0.023025,           0.0011901,             0.75254,             0.59567,             0.56634,             0.38113,            0.021717,            0.038586,           0.0056873,             0.00163,             0.00163,             0.00163
                 188,            0.012577,            0.024505,           0.0013048,             0.75633,              0.5885,             0.57454,             0.38378,            0.021695,            0.038397,           0.0056782,            0.001585,            0.001585,            0.001585
                 189,            0.012183,            0.024489,           0.0010837,             0.74398,             0.61253,             0.57819,             0.38873,             0.02177,            0.038386,           0.0056705,             0.00154,             0.00154,             0.00154
                 190,            0.011886,            0.023931,           0.0011482,             0.76952,             0.59859,             0.58451,             0.39462,            0.021457,            0.037571,           0.0057121,            0.001495,            0.001495,            0.001495
                 191,            0.012169,            0.024653,          0.00099903,             0.74436,             0.62954,             0.58746,             0.39575,            0.021572,            0.037697,           0.0058327,             0.00145,             0.00145,             0.00145
                 192,            0.012244,            0.023487,            0.001568,             0.75159,             0.62286,             0.57918,             0.39058,            0.021611,            0.038144,           0.0058475,            0.001405,            0.001405,            0.001405
                 193,            0.011551,             0.02208,           0.0010003,             0.73293,             0.63991,             0.58726,             0.39877,            0.021367,            0.038521,            0.005825,             0.00136,             0.00136,             0.00136
                 194,            0.011636,            0.023485,           0.0010941,             0.77782,             0.59802,             0.58354,             0.39664,             0.02139,            0.038766,           0.0056961,            0.001315,            0.001315,            0.001315
                 195,            0.012092,             0.02451,           0.0010313,             0.76993,             0.60484,              0.5841,             0.39714,            0.021307,            0.038635,           0.0057274,             0.00127,             0.00127,             0.00127
